ID,nameFirst,nameLast,sex,language,email,loginName,salary,accountNumber,bankId,bankName
02BD2137-0890-1EEA-A6C2-BB55C19A07FB,1_nameFirst,1_nameLast,M,EN,1@gmail.com,1_loginName,1000,1,SBI_001,SBI
02BD2137-0890-1EEA-A6C3-BB55C19A07FB,2_nameFirst,2_nameLast,M,EN,2@gmail.com,2_loginName,1100,2,SBI_001,SBI
02BD2137-0890-1EEA-A6C4-BB55C19A07FB,3_nameFirst,3_nameLast,F,EN,3@gmail.com,3_loginName,1500,3,SBI_001,SBI
02BD2137-0890-1EEA-A6C5-BB55C19A07FB,4_nameFirst,4_nameLast,M,EN,4@gmail.com,4_loginName,800,4,SBI_001,SBI
02BD2137-0890-1EEA-A6C6-BB55C19A07FB,5_nameFirst,5_nameLast,F,EN,5@gmail.com,5_loginName,900,5,SBI_001,SBI
02BD2137-0890-1EEA-A6C7-BB55C19A07FB,6_nameFirst,6_nameLast,F,EN,6@gmail.com,6_loginName,1200,6,SBI_001,SBI
02BD2137-0890-1EEA-A6C8-BB55C19A07FB,7_nameFirst,7_nameLast,F,EN,7@gmail.com,7_loginName,1400,7,SBI_001,SBI
02BD2137-0890-1EEA-A6C9-BB55C19A07FB,8_nameFirst,8_nameLast,M,EN,8@gmail.com,8_loginName,1200,8,SBI_001,SBI
02BD2137-0890-1EEA-A6C1-BB55C19A07FB,9_nameFirst,9_nameLast,F,EN,9@gmail.com,9_loginName,1600,9,SBI_001,SBI
02BD2137-0890-1EEA-A6C0-BB55C19A07FB,10_nameFirst,10_nameLast,M,EN,10@gmail.com,10_loginName,2000,10,SBI_001,SBI